[
  {
    "id": "fe6b32f1-1a47-4d00-9003-23a4373a30bf",
    "data": [
      {
        "text": "tell me something about ",
        "userDefined": false
      },
      {
        "text": "1st January",
        "alias": "date",
        "meta": "@sys.date",
        "userDefined": false
      }
    ],
    "isTemplate": false,
    "count": 0,
    "updated": 0
  },
  {
    "id": "ded85e74-96c2-4af5-aafd-d3fdc541fd85",
    "data": [
      {
        "text": "show me trivia about ",
        "userDefined": false
      },
      {
        "text": "15th August",
        "alias": "date",
        "meta": "@sys.date",
        "userDefined": false
      }
    ],
    "isTemplate": false,
    "count": 0,
    "updated": 0
  },
  {
    "id": "0a49ef15-3bf1-4171-84a9-a46371ee79b2",
    "data": [
      {
        "text": "tell me a fact about ",
        "userDefined": false
      },
      {
        "text": "11th June",
        "alias": "date",
        "meta": "@sys.date",
        "userDefined": false
      }
    ],
    "isTemplate": false,
    "count": 0,
    "updated": 0
  }
]