[
  {
    "id": "70c11090-55db-4094-aafd-d655b781abba",
    "data": [
      {
        "text": "what is the ",
        "userDefined": false
      },
      {
        "text": "color",
        "alias": "attribute",
        "meta": "@attribute",
        "userDefined": false
      },
      {
        "text": " of ",
        "userDefined": false
      },
      {
        "text": "Earth",
        "alias": "planet",
        "meta": "@planet",
        "userDefined": false
      }
    ],
    "isTemplate": false,
    "count": 0,
    "updated": 0
  }
]