[
  {
    "id": "3af599a6-af82-49b2-b798-89aa00a02f8f",
    "data": [
      {
        "text": "what is the sum of ",
        "userDefined": false
      },
      {
        "text": "32",
        "alias": "number",
        "meta": "@sys.number",
        "userDefined": false
      },
      {
        "text": " and ",
        "userDefined": false
      },
      {
        "text": "45",
        "alias": "number1",
        "meta": "@sys.number",
        "userDefined": false
      }
    ],
    "isTemplate": false,
    "count": 0,
    "updated": 0
  }
]