[
  {
    "id": "3bbef83e-49b7-41fd-ba80-0f89d0540f0f",
    "data": [
      {
        "text": "Robert",
        "alias": "given-name",
        "meta": "@sys.given-name",
        "userDefined": false
      }
    ],
    "isTemplate": false,
    "count": 0,
    "updated": 0
  },
  {
    "id": "5801ece8-386e-40b0-bd40-08856df4828f",
    "data": [
      {
        "text": "I am ",
        "userDefined": false
      },
      {
        "text": "John",
        "alias": "given-name",
        "meta": "@sys.given-name",
        "userDefined": false
      }
    ],
    "isTemplate": false,
    "count": 0,
    "updated": 0
  },
  {
    "id": "e1b903f7-f010-4c48-98c0-3c04dcf4c7f9",
    "data": [
      {
        "text": "I am ",
        "userDefined": false
      },
      {
        "text": "Jack",
        "alias": "given-name",
        "meta": "@sys.given-name",
        "userDefined": false
      }
    ],
    "isTemplate": false,
    "count": 0,
    "updated": 0
  }
]