[
  {
    "id": "4e032066-942f-499a-aea0-129c234dc75e",
    "data": [
      {
        "text": "I have some feedback for you",
        "userDefined": false
      }
    ],
    "isTemplate": false,
    "count": 0,
    "updated": 0
  },
  {
    "id": "95e9a377-7eea-429a-9eda-061d35998d51",
    "data": [
      {
        "text": "I want to leave some feedback",
        "userDefined": false
      }
    ],
    "isTemplate": false,
    "count": 0,
    "updated": 0
  },
  {
    "id": "26b56cf6-33a9-40b9-90bf-c2b1d6263efd",
    "data": [
      {
        "text": "I want to give feedback",
        "userDefined": false
      }
    ],
    "isTemplate": false,
    "count": 0,
    "updated": 0
  }
]