[
  {
    "id": "505621f4-b5de-424b-b631-a9c0e52f80ea",
    "data": [
      {
        "text": "it is ",
        "userDefined": false
      },
      {
        "text": "user@example.com",
        "alias": "email",
        "meta": "@sys.email",
        "userDefined": true
      }
    ],
    "isTemplate": false,
    "count": 0,
    "updated": 0
  },
  {
    "id": "b602b25c-c191-4767-952d-25feb0ec957e",
    "data": [
      {
        "text": "it is ",
        "userDefined": false
      },
      {
        "text": "jack@hotmail.com",
        "alias": "email",
        "meta": "@sys.email",
        "userDefined": true
      }
    ],
    "isTemplate": false,
    "count": 0,
    "updated": 0
  },
  {
    "id": "fb063c03-aa05-43a3-8ea0-03efb214c21b",
    "data": [
      {
        "text": "my email is ",
        "userDefined": false
      },
      {
        "text": "john@yahoo.com",
        "alias": "email",
        "meta": "@sys.email",
        "userDefined": true
      }
    ],
    "isTemplate": false,
    "count": 0,
    "updated": 0
  }
]