[
  {
    "value": "@sys.date.date",
    "synonyms": [
      "@sys.date.date"
    ]
  },
  {
    "value": "going on @sys.date.date",
    "synonyms": [
      "going on @sys.date.date"
    ]
  },
  {
    "value": "leaving @sys.date.date",
    "synonyms": [
      "leaving @sys.date.date"
    ]
  },
  {
    "value": "leaving on @sys.date.date",
    "synonyms": [
      "leaving on @sys.date.date"
    ]
  },
  {
    "value": "starting @sys.date.date",
    "synonyms": [
      "starting @sys.date.date"
    ]
  }
]