[
  {
    "value": "@sys.date.date",
    "synonyms": [
      "@sys.date.date"
    ]
  },
  {
    "value": "back @sys.date.date",
    "synonyms": [
      "back @sys.date.date"
    ]
  },
  {
    "value": "back on @sys.date.date",
    "synonyms": [
      "back on @sys.date.date"
    ]
  },
  {
    "value": "coming back on @sys.date.date",
    "synonyms": [
      "coming back on @sys.date.date"
    ]
  },
  {
    "value": "returning on @sys.date.date",
    "synonyms": [
      "returning on @sys.date.date"
    ]
  }
]