[
  {
    "id": "01088f37-46c4-4df3-bec3-ef8a9d212d15",
    "data": [
      {
        "text": "book flight for ",
        "userDefined": false
      },
      {
        "text": "two",
        "alias": "nop",
        "meta": "@sys.number",
        "userDefined": false
      },
      {
        "text": " passenger",
        "userDefined": false
      }
    ],
    "isTemplate": false,
    "count": 0,
    "updated": 0
  },
  {
    "id": "480eea9f-fce7-4427-9bba-ac4f7e78c771",
    "data": [
      {
        "text": "book flight for ",
        "userDefined": false
      },
      {
        "text": "2",
        "alias": "nop",
        "meta": "@sys.number",
        "userDefined": false
      }
    ],
    "isTemplate": false,
    "count": 0,
    "updated": 0
  }
]