[
  {
    "id": "c9f7f034-f9fd-4be0-8076-b58c58b7a709",
    "data": [
      {
        "text": "business",
        "alias": "class",
        "meta": "@flight-class",
        "userDefined": true
      }
    ],
    "isTemplate": false,
    "count": 0,
    "updated": 0
  },
  {
    "id": "1631a7aa-70aa-4f2e-b0e1-c712cf90f2ee",
    "data": [
      {
        "text": "economy class",
        "alias": "class",
        "meta": "@flight-class",
        "userDefined": false
      }
    ],
    "isTemplate": false,
    "count": 0,
    "updated": 0
  },
  {
    "id": "db78cc4c-2ed4-46a8-83a9-67ea9ea54fb9",
    "data": [
      {
        "text": "I will go with ",
        "userDefined": false
      },
      {
        "text": "first class",
        "alias": "class",
        "meta": "@flight-class",
        "userDefined": false
      }
    ],
    "isTemplate": false,
    "count": 0,
    "updated": 0
  }
]