[
  {
    "id": "20703a39-c4b0-4c2a-a2b2-c51d68840f38",
    "data": [
      {
        "text": "new delhi",
        "alias": "dep",
        "meta": "@sys.geo-city",
        "userDefined": true
      }
    ],
    "isTemplate": false,
    "count": 0,
    "updated": 0
  },
  {
    "id": "21ff8182-6639-4bdf-9089-fde3a931a75f",
    "data": [
      {
        "text": "from ",
        "userDefined": false
      },
      {
        "text": "delhi",
        "alias": "dep",
        "meta": "@sys.geo-city",
        "userDefined": false
      }
    ],
    "isTemplate": false,
    "count": 0,
    "updated": 0
  },
  {
    "id": "2a1b598f-9fc2-48eb-9cc4-3cd2c5822302",
    "data": [
      {
        "text": "leaving from ",
        "userDefined": false
      },
      {
        "text": "Delhi",
        "alias": "dep",
        "meta": "@sys.geo-city",
        "userDefined": false
      }
    ],
    "isTemplate": false,
    "count": 0,
    "updated": 0
  },
  {
    "id": "f8b25506-beb3-42e5-a12a-876ec4cfd1f9",
    "data": [
      {
        "text": "going from ",
        "userDefined": false
      },
      {
        "text": "Delhi",
        "alias": "dep",
        "meta": "@sys.geo-city",
        "userDefined": false
      }
    ],
    "isTemplate": false,
    "count": 0,
    "updated": 0
  }
]