[
  {
    "id": "e55c4488-df3e-4b7f-b154-267fd5179937",
    "data": [
      {
        "text": "returning ",
        "userDefined": false
      },
      {
        "text": "on monday",
        "alias": "retdt",
        "meta": "@sys.date",
        "userDefined": true
      }
    ],
    "isTemplate": false,
    "count": 0,
    "updated": 0
  },
  {
    "id": "314cb417-8aef-4825-beea-184b2a9a0334",
    "data": [
      {
        "text": "next friday",
        "alias": "retdt",
        "meta": "@sys.date",
        "userDefined": true
      }
    ],
    "isTemplate": false,
    "count": 0,
    "updated": 0
  },
  {
    "id": "45299bb4-eac7-4d59-a4a6-edb00233d987",
    "data": [
      {
        "text": "returning ",
        "userDefined": false
      },
      {
        "text": "on next monday",
        "alias": "retdt",
        "meta": "@sys.date",
        "userDefined": true
      }
    ],
    "isTemplate": false,
    "count": 1,
    "updated": 0
  }
]