[
  {
    "id": "48540f8f-4cab-4e26-a664-f3efbe021e4f",
    "data": [
      {
        "text": "New york",
        "alias": "dest",
        "meta": "@sys.geo-city",
        "userDefined": false
      }
    ],
    "isTemplate": false,
    "count": 0,
    "updated": 0
  },
  {
    "id": "3881533c-f628-41d5-8b4c-3c99ad8ddef0",
    "data": [
      {
        "text": "to ",
        "userDefined": false
      },
      {
        "text": "New delhi",
        "alias": "dest",
        "meta": "@sys.geo-city",
        "userDefined": false
      }
    ],
    "isTemplate": false,
    "count": 0,
    "updated": 0
  }
]