[
  {
    "id": "23adb0d3-ca8b-4981-9cc7-70944b721679",
    "data": [
      {
        "text": "leaving ",
        "userDefined": false
      },
      {
        "text": "on this sunday",
        "alias": "depdt",
        "meta": "@sys.date",
        "userDefined": true
      }
    ],
    "isTemplate": false,
    "count": 0,
    "updated": 0
  },
  {
    "id": "c2783da4-5d43-44ed-afda-3f31802a3ef5",
    "data": [
      {
        "text": "leaving on ",
        "userDefined": false
      },
      {
        "text": "next friday",
        "alias": "depdt",
        "meta": "@sys.date",
        "userDefined": true
      }
    ],
    "isTemplate": false,
    "count": 0,
    "updated": 0
  },
  {
    "id": "a72cca9c-3f45-4c41-8555-b3663128ccc8",
    "data": [
      {
        "text": "next wednesday",
        "alias": "depdt",
        "meta": "@sys.date",
        "userDefined": true
      }
    ],
    "isTemplate": false,
    "count": 0,
    "updated": 0
  },
  {
    "id": "3a82b695-6113-47e9-a7dd-f1d8d52eb14e",
    "data": [
      {
        "text": "next friday",
        "alias": "depdt",
        "meta": "@sys.date",
        "userDefined": true
      }
    ],
    "isTemplate": false,
    "count": 0,
    "updated": 0
  }
]