[
  {
    "id": "c9ff3b8c-a02b-48aa-abbf-6ad16987f578",
    "data": [
      {
        "text": "3",
        "alias": "nop",
        "meta": "@sys.number",
        "userDefined": false
      }
    ],
    "isTemplate": false,
    "count": 1,
    "updated": 0
  },
  {
    "id": "f3c31f53-ecd0-4393-acff-85df56c8e79d",
    "data": [
      {
        "text": "3",
        "alias": "nop",
        "meta": "@sys.number",
        "userDefined": false
      },
      {
        "text": " passengers",
        "userDefined": false
      }
    ],
    "isTemplate": false,
    "count": 0,
    "updated": 0
  }
]